<?xml version="1.0" ?><root>
	<TargetControl>CLVS.swf</TargetControl>
	<TargetXSD>CLVS.xsd</TargetXSD>
	<ControlName>Custom Layout Video Switcher</ControlName>
	<HelpID>16</HelpID>
	<MobileAppIncluded>false</MobileAppIncluded>
	<CategoryName>Widgets</CategoryName>
	<ControlSummary><![CDATA[The Video Switcher widget combines a scrolling list with drag and drop functionality geared towards controlling video sources in a switcher matrix.  Assigning a Smart Object ID enables full control over the number of screens, source assignments, and provides feedback to the control system when a source changes on the touch panel. ]]></ControlSummary>
	<Thumbnail>CLVS.png</Thumbnail>
	<MinContainerVersion>0.1</MinContainerVersion>
	<MinFlashVersion>F10_1|FL4_1</MinFlashVersion>
	<EmbeddedAppSupport/>
	<EmbeddedVideoSupport>false</EmbeddedVideoSupport>
	<MinContainerVersion>0.1</MinContainerVersion>
	<MinFlashVersion>FL4_1|F10_1</MinFlashVersion>
	<MinFirmwareVersion>2.0</MinFirmwareVersion>
	<EmbeddedAppSupport/>
	<EmbeddedVideoSupport>false</EmbeddedVideoSupport>
	<VersionNumber>1.0.11.50</VersionNumber>
	<ObjectName>Custom Layout Video Switcher</ObjectName>
	<ParentSWF>BaseObjectsRSL.swf</ParentSWF>
	<IsRSL>False</IsRSL>
	<TemplateData/><LinkedModule/>
	<Description>Crestron Video Switcher App with customizable screens</Description>
  <ControlSize>0</ControlSize>
  <GraphicSizeMultiplier>1</GraphicSizeMultiplier>
  
  <Properties Type="ChildProperties">
    <PositionAndSize Type="Locale">
      <Top>-1</Top>
      <Left>-1</Left>
      <Width>640</Width>
      <Height>384</Height>
      <Z>1</Z>
      <ScaleX>1.0</ScaleX>
      <ScaleY>1.0</ScaleY>
    </PositionAndSize>
    <RotatedPositionAndSize Type="RotatedLocale">
      <Top>-1</Top>
      <Left>-1</Left>
      <Width>640</Width>
      <Height>384</Height>
      <Z>1</Z>
      <ScaleX>1.0</ScaleX>
      <ScaleY>1.0</ScaleY>
    </RotatedPositionAndSize>
    <ControlJoin>0</ControlJoin>
	<DigitalEnableJoin>0</DigitalEnableJoin>
	<DigitalVisibilityJoin>0</DigitalVisibilityJoin>
	
	<UseIndirectPositioning>false</UseIndirectPositioning>
	
	<RedrawScreensJoin Type="EncapsulatedJoin">
        <JoinNumber>1</JoinNumber>
        <JoinType>Digital</JoinType>
        <Direction>In</Direction>
        <InCueName>Redraw Screens</InCueName>
    </RedrawScreensJoin>
    <ScreenSwitching Type="EncapsulatedJoin">
        <JoinNumber>1</JoinNumber>
        <JoinType>Analog</JoinType>
        <Direction>In</Direction>
        <InCueName>Number of visible screens</InCueName>
    </ScreenSwitching>
	
    <ListProperties>
      <ListPosition>Top</ListPosition>
	  <ListLength>100</ListLength>
	  <ListThickness>30</ListThickness>
      <EndlessScrolling>false</EndlessScrolling>
      <ClickTime>250</ClickTime>
      <ItemSpacing>50</ItemSpacing>
      <Margin>5</Margin>
      <NumDivisions>1</NumDivisions>
      <ListBackground Type="Style" categoryName="Backgrounds" title="List Background">
        <StyleID>0</StyleID>
      </ListBackground>
      <DisplayBackground>true</DisplayBackground>
	  <ShowScrollbar>false</ShowScrollbar>
      <Position>Bottom</Position>
    </ListProperties>
    <PreviewState>0</PreviewState>
    <Sources>
      <IconStyle Type="Style" categoryName="Icons" title="Video Source Icons">
        <StyleID>0</StyleID>
      </IconStyle>
      <SourceCount>5</SourceCount>
      <Source uid="1">
        <SourceIndex>1</SourceIndex>
        <ImageType>
          <UseState default="true">
            <IconFrame>5</IconFrame>
          </UseState>
		  <UseImage>
				<Image Type="Image">
				   <FilePath/> 
				   <FillType>
					 <Stretch>Stretch</Stretch>
				   </FillType>
				</Image>
			</UseImage>
        </ImageType>
        <Label>DVR</Label>
        <SubpageProperties>
          <Subpage Type="SubpageRef">
            <PageID>(None)</PageID>
          </Subpage>
          <DigitalJoinOffset>0</DigitalJoinOffset>
          <AnalogJoinOffset>0</AnalogJoinOffset>
          <SerialJoinOffset>0</SerialJoinOffset>
        </SubpageProperties>
      </Source>
      <Source uid="2">
        <SourceIndex>2</SourceIndex>
        <ImageType>
          <UseState default="true">
            <IconFrame>11</IconFrame>
          </UseState>
		  <UseImage>
				<Image Type="Image">
				   <FilePath/> 
				   <FillType>
					 <Stretch>Stretch</Stretch>
				   </FillType>
				</Image>
			</UseImage>
        </ImageType>
        <Label>iPod</Label>
        <SubpageProperties>
          <Subpage Type="SubpageRef">
            <PageID>(None)</PageID>
          </Subpage>
          <DigitalJoinOffset>0</DigitalJoinOffset>
          <AnalogJoinOffset>0</AnalogJoinOffset>
          <SerialJoinOffset>0</SerialJoinOffset>
        </SubpageProperties>
      </Source>
      <Source uid="3">
        <SourceIndex>3</SourceIndex>
        <ImageType>
          <UseState default="true">
            <IconFrame>12</IconFrame>
          </UseState>
		  <UseImage>
				<Image Type="Image">
				   <FilePath/> 
				   <FillType>
					 <Stretch>Stretch</Stretch>
				   </FillType>
				</Image>
			</UseImage>
        </ImageType>
        <Label>iServer</Label>
        <SubpageProperties>
          <Subpage Type="SubpageRef">
            <PageID>(None)</PageID>
          </Subpage>
          <DigitalJoinOffset>0</DigitalJoinOffset>
          <AnalogJoinOffset>0</AnalogJoinOffset>
          <SerialJoinOffset>0</SerialJoinOffset>
        </SubpageProperties>
      </Source>
      <Source uid="4">
        <SourceIndex>4</SourceIndex>
        <ImageType>
          <UseState default="true">
            <IconFrame>19</IconFrame>
          </UseState>
		  <UseImage>
				<Image Type="Image">
				   <FilePath/> 
				   <FillType>
					 <Stretch>Stretch</Stretch>
				   </FillType>
				</Image>
			</UseImage>
        </ImageType>
        <Label>Satellite TV</Label>
        <SubpageProperties>
          <Subpage Type="SubpageRef">
            <PageID>(None)</PageID>
          </Subpage>
          <DigitalJoinOffset>0</DigitalJoinOffset>
          <AnalogJoinOffset>0</AnalogJoinOffset>
          <SerialJoinOffset>0</SerialJoinOffset>
        </SubpageProperties>
      </Source>
      <Source uid="5">
        <SourceIndex>5</SourceIndex>
        <ImageType>
          <UseState default="true">
            <IconFrame>8</IconFrame>
          </UseState>
		  <UseImage>
				<Image Type="Image">
				   <FilePath/> 
				   <FillType>
					 <Stretch>Stretch</Stretch>
				   </FillType>
				</Image>
			</UseImage>
        </ImageType>
        <Label>New Source</Label>
        <SubpageProperties>
          <Subpage Type="SubpageRef">
            <PageID>(None)</PageID>
          </Subpage>
          <DigitalJoinOffset>0</DigitalJoinOffset>
          <AnalogJoinOffset>0</AnalogJoinOffset>
          <SerialJoinOffset>0</SerialJoinOffset>
        </SubpageProperties>
      </Source>
    </Sources>
    <Screens>
		<SourceChanged Type="EncapsulatedJoinGroup">
			<StartJoinNumber>11</StartJoinNumber>
			<NumReservedJoins>100</NumReservedJoins>
			<JoinType>Digital</JoinType>
			<Direction>Out</Direction>
			<GroupName>Source Changed</GroupName>
			<OutCueName>Screen %i Source Changed</OutCueName>
		</SourceChanged>
		<SourceSelection Type="EncapsulatedJoinGroup">
			<StartJoinNumber>11</StartJoinNumber>
			<NumReservedJoins>100</NumReservedJoins>
			<JoinType>Analog</JoinType>
			<Direction>In/Out</Direction>
			<GroupName>Source Selections</GroupName>
			<InCueName>Screen %i Source Selection</InCueName>
			<OutCueName>Screen %i Source Selection</OutCueName>
		</SourceSelection>
		<ScreenTopLocations Type="EncapsulatedJoinGroup">
			<StartJoinNumber>111</StartJoinNumber>
			<NumReservedJoins>100</NumReservedJoins>
			<JoinType>Analog</JoinType>
			<Direction>In</Direction>
			<GroupName>ScreenTopLocations</GroupName>
			<InCueName>Screen %i Top Location</InCueName>
		</ScreenTopLocations>
		<ScreenLeftLocations Type="EncapsulatedJoinGroup">
			<StartJoinNumber>211</StartJoinNumber>
			<NumReservedJoins>100</NumReservedJoins>
			<JoinType>Analog</JoinType>
			<Direction>In</Direction>
			<GroupName>ScreenLeftLocations</GroupName>
			<InCueName>Screen %i Left Location</InCueName>
		</ScreenLeftLocations>
		<ScreenWidths Type="EncapsulatedJoinGroup">
			<StartJoinNumber>311</StartJoinNumber>
			<NumReservedJoins>100</NumReservedJoins>
			<JoinType>Analog</JoinType>
			<Direction>In</Direction>
			<GroupName>ScreenWidths</GroupName>
			<InCueName>Screen %i Width</InCueName>
		</ScreenWidths>
		<ScreenHeights Type="EncapsulatedJoinGroup">
			<StartJoinNumber>411</StartJoinNumber>
			<NumReservedJoins>100</NumReservedJoins>
			<JoinType>Analog</JoinType>
			<Direction>In</Direction>
			<GroupName>ScreenHeights</GroupName>
			<InCueName>Screen %i Height</InCueName>
		</ScreenHeights>
      <ScreenStyle Type="Style" categoryName="Backgrounds" title="Screen Style">
        <StyleID>0</StyleID>
      </ScreenStyle>
      <DisplayLabels>true</DisplayLabels>
      <Margin>10</Margin>
      <LocalMode>true</LocalMode>
      <EnforceGeometry>true</EnforceGeometry>
      <ScreenAspectRatio>Stretch</ScreenAspectRatio>
      <ScreenCount>2</ScreenCount>
	  <ColumnCount>0</ColumnCount>
      <Screen uid="0">
        <Name>Screen Name</Name>
		<ScreenPositionAndSize>
			<Top>0</Top>
			<Left>0</Left>
			<Width>20</Width>
			<Height>11</Height>
		</ScreenPositionAndSize>
      </Screen>
      <Screen uid="1">
        <Name>Screen Name</Name>
		<ScreenPositionAndSize>
			<Top>0</Top>
			<Left>20</Left>
			<Width>20</Width>
			<Height>11</Height>
		</ScreenPositionAndSize>
      </Screen>
    </Screens>
  </Properties>
</root>